{
  "project_info": {
    "project_number": "330453894983",
    "project_id": "orderease-fcc2b",
    "storage_bucket": "orderease-fcc2b.appspot.com"
  },
  "client": [
    {
      "client_info": {
        "mobilesdk_app_id": "1:330453894983:android:59cc722eaf05b218002e62",
        "android_client_info": {
          "package_name": "com.example.orderease"
        }
      },
      "oauth_client": [],
      "api_key": [
        {
          "current_key": "AIzaSyD5Cvj5yRIYFualsnY_q95YsSp6vLp2lWM"
        }
      ],
      "services": {
        "appinvite_service": {
          "other_platform_oauth_client": []
        }
      }
    }
  ],
  "configuration_version": "1"
}