{
  "project_info": {
    "project_number": "330453894983",
    "firebase_url": "https://orderease-fcc2b-default-rtdb.firebaseio.com",
    "project_id": "orderease-fcc2b",
    "storage_bucket": "orderease-fcc2b.appspot.com"
  },
  "client": [
    {
      "client_info": {
        "mobilesdk_app_id": "1:330453894983:android:73689bd694f428af002e62",
        "android_client_info": {
          "package_name": "com.example.adminorder"
        }
      },
      "oauth_client": [
        {
          "client_id": "330453894983-h3bhidjbtnk2fva8j3c3l0dortcpe34p.apps.googleusercontent.com",
          "client_type": 3
        }
      ],
      "api_key": [
        {
          "current_key": "AIzaSyD5Cvj5yRIYFualsnY_q95YsSp6vLp2lWM"
        }
      ],
      "services": {
        "appinvite_service": {
          "other_platform_oauth_client": [
            {
              "client_id": "330453894983-h3bhidjbtnk2fva8j3c3l0dortcpe34p.apps.googleusercontent.com",
              "client_type": 3
            }
          ]
        }
      }
    },
    {
      "client_info": {
        "mobilesdk_app_id": "1:330453894983:android:59cc722eaf05b218002e62",
        "android_client_info": {
          "package_name": "com.example.orderease"
        }
      },
      "oauth_client": [
        {
          "client_id": "330453894983-l2lrqmmbcvbufnk2gkuogvu3mrj8mh0l.apps.googleusercontent.com",
          "client_type": 1,
          "android_info": {
            "package_name": "com.example.orderease",
            "certificate_hash": "887fc32127103ca7b28842f9d8d0c723a3d3dd95"
          }
        },
        {
          "client_id": "330453894983-h3bhidjbtnk2fva8j3c3l0dortcpe34p.apps.googleusercontent.com",
          "client_type": 3
        }
      ],
      "api_key": [
        {
          "current_key": "AIzaSyD5Cvj5yRIYFualsnY_q95YsSp6vLp2lWM"
        }
      ],
      "services": {
        "appinvite_service": {
          "other_platform_oauth_client": [
            {
              "client_id": "330453894983-h3bhidjbtnk2fva8j3c3l0dortcpe34p.apps.googleusercontent.com",
              "client_type": 3
            }
          ]
        }
      }
    }
  ],
  "configuration_version": "1"
}